"Id","Name","Email","Created At","Updated At"
"753","ubkjmk432","lqnk1399@mail.com","2016-08-31 13:37:43","2016-08-31 13:37:43"
"752","muralidhar","muralidharan.bora@gmail.com","2016-08-31 13:25:56","2016-08-31 13:25:56"
"751","Oliver Nybroe","olivernybroe@gmail.com","2016-08-30 17:59:39","2016-08-30 17:59:39"
"750","David","me@krugerdavid.com","2016-08-30 17:20:51","2016-08-30 17:20:51"
"749","Mehmet Çağdaş Saygılı","mcsaygili@gmail.com","2016-08-28 18:00:58","2016-08-31 10:07:16"
"748","Yuri","zaniny@yandex.ru","2016-08-27 12:52:17","2016-08-27 12:52:17"
"747","testhans","hans@peter.de","2016-08-22 19:16:30","2016-08-22 19:16:30"
"746","KnightsOfNi","kylescousin@gmail.com","2016-08-19 12:38:08","2016-08-19 12:38:08"
"745","efraxpc","efraxpc@gmail.com","2016-08-17 03:42:34","2016-08-17 03:42:34"
"744","Ignacio","nacho.gica@gmail.com","2016-08-16 21:06:04","2016-08-16 21:06:04"
"743","mxdoyi10","nqjc8307@mail.com","2016-08-16 04:39:04","2016-08-16 04:39:04"
"742","uasijomranugv","ejorixac@mailsdfsdf.net","2016-08-15 14:54:29","2016-08-15 14:54:29"
"741","uqowavahuceo","ecozox@mailsdfsdf.net","2016-08-15 14:37:27","2016-08-15 14:37:27"
"740","udkucayoubiz","elaela@dfoofmail.com","2016-08-15 10:53:45","2016-08-15 10:53:45"
"739","ixuxopid","jakemo@asooemail.com","2016-08-15 10:51:32","2016-08-15 10:51:32"
"738","awutefoyuj","aremaso@dfoofmail.com","2016-08-15 10:36:48","2016-08-15 10:36:48"
"737","edoruhiuqa","unuuwec@asooemail.com","2016-08-15 10:34:13","2016-08-15 10:34:13"
"736","Cosimo Lemma","c.lemma@firelink.it","2016-08-13 10:20:37","2016-08-13 10:20:37"
"735","JosephBola","valentinynysm@hotmail.com","2016-08-08 14:57:15","2016-08-08 14:57:15"
"734","reastyn","reastyn@gmail.com","2016-08-08 10:31:23","2016-08-08 10:31:23"
"733","MeganFki","m.e.ganl.ars.on.0.6.6@gmail.com","2016-08-06 16:16:15","2016-08-06 16:16:15"
"732","NiinaaOz","p.ro.n.ina.i.1.4.5@gmail.com","2016-08-05 03:24:40","2016-08-05 03:24:40"
"731","PimSact","fankpma@mail.ru","2016-08-04 16:55:13","2016-08-04 16:55:13"
"730","NimSact","lbertas@mail.ru","2016-08-03 09:00:16","2016-08-03 09:00:16"
"729","AntoniWaj","syc.e.v.a.n.t.on.74.8@gmail.com","2016-08-02 22:31:01","2016-08-02 22:31:01"
"728","MeganIhl","b.r.i.anna.fo.x07.0@gmail.com","2016-08-02 14:20:48","2016-08-02 14:20:48"
"727","Elkin Ossa","eossa93@hotmail.com","2016-08-02 14:05:28","2016-08-02 14:05:28"
"726","SimSact","mretsan@mail.ru","2016-08-01 19:36:16","2016-08-01 19:36:16"
"725","martin rodriguez","meirtin@gmail.com","2016-08-01 14:10:36","2016-08-01 14:10:36"
"724","PolyyaLnl","p.r.o.n.i.n.a.n.a.t.a.l.a.0.11@gmail.com","2016-07-31 02:49:49","2016-07-31 02:49:49"
"723","BarbaraSgd","ire.n.s.c.o.tt.5.5.5.5@gmail.com","2016-07-27 06:29:01","2016-07-27 06:29:01"
"722","jaka prima","jakaprima123@gmail.com","2016-07-26 22:51:16","2016-07-26 22:51:16"
"721","PaigeeXai","p.aig.e.s.an.ds0.01@gmail.com","2016-07-26 00:04:56","2016-07-26 00:04:56"
"720","HaileyNc","haile.yst.e.p.hans0.05@gmail.com","2016-07-25 23:41:29","2016-07-25 23:41:29"
"719","PaigeeYde","pa.i.g.esan.d.s0.01@gmail.com","2016-07-25 04:34:29","2016-07-25 04:34:29"
"718","Steven Mena","stevenmena29@gmail.com","2016-07-24 04:01:34","2016-07-24 04:01:34"
"717","WillardKip","water-pheasantegbertc20@mail.ru","2016-07-22 16:18:06","2016-07-22 16:18:06"
"716","RWstepie","step.h.ani.e.ke.ys003@gmail.com","2016-07-22 12:42:47","2016-07-22 12:42:47"
"715","BVstepie","ste.p.h.ani.e.k.eys00.3@gmail.com","2016-07-22 09:47:21","2016-07-22 09:47:21"
"714","WillardKip","admin1@freeeelitehosting.allalla.com","2016-07-20 22:05:19","2016-07-20 22:05:19"
"713","VictorHugo","vhpm18@gmail.com","2016-07-20 20:01:55","2016-07-20 20:01:55"
"712","JessicaSI74","j.e.s.s.icatomps.o.n.023@gmail.com","2016-07-20 15:26:34","2016-07-20 15:26:34"
"711","Rafael Alves","raffa-alves@hotmail.com.br","2016-07-19 02:39:53","2016-07-19 02:39:53"
"710","ZimSact","resamba@mail.ru","2016-07-18 07:37:22","2016-07-18 07:37:22"
"709","SirenaTXE","s.ir.en.a.p.it.er.s0.0.1@gmail.com","2016-07-16 18:23:42","2016-07-16 18:23:42"
"708","AnetTpq","a.net.lo.p.e.z0.707@gmail.com","2016-07-16 09:19:23","2016-07-16 09:19:23"
"707","MeganFki","meganl.a.rs.o.n0.66@gmail.com","2016-07-16 05:02:46","2016-07-16 05:02:46"
"706","MeganIhl","br.ia.nn.a.fox.070@gmail.com","2016-07-14 11:01:13","2016-07-14 11:01:13"
"705","Andrew","prattster1874@gmail.com","2016-07-11 15:05:55","2016-07-11 15:05:55"
"704","OPOKU debrah","kosky2005@gmail.com","2016-07-09 12:33:44","2016-07-09 12:33:44"
"703","perscrption","ggdrnsuuusdj8@hotmail.com","2016-07-03 07:23:53","2016-07-03 07:23:53"
"702","Saeed","passionatedreamer19@gmail.com","2016-07-02 11:33:17","2016-07-02 11:33:17"
"701","DJZT","DJZT44@gmail.com","2016-07-02 08:51:44","2016-07-02 08:51:44"
"700","Kimberly","vothienkim17@gmail.com","2016-07-01 18:08:56","2016-07-01 18:08:56"
"699","MatthewKt","1@smotretfilmhd720.ru","2016-06-24 02:55:04","2016-06-24 02:55:04"
"698","MichaelDunk","iphone6s4@gamesonlinefree.ru","2016-06-22 17:25:43","2016-06-22 17:25:43"
"697","loanonline","sdlikdjrn@hotmail.com","2016-06-22 11:32:42","2016-06-22 11:32:42"
"696","asdf","asdf@qwer.com","2016-06-21 19:30:44","2016-06-21 19:30:44"
"695","wenchorty","qwert@hgyu.com","2016-06-21 19:28:34","2016-06-21 19:30:11"
"694","kzoltan","zoltan1_kovacs@msn.com","2016-06-20 18:55:52","2016-06-20 18:55:52"
"693","XomSact","resakovs@mail.ru","2016-06-20 18:48:52","2016-06-20 18:48:52"
"692","ujuqurxauqi","oqlevuh@dfoofmail.com","2016-06-18 09:05:02","2016-06-18 09:05:02"
"691","ucikanatf","ebahivuz@dfoofmail.com","2016-06-18 08:47:21","2016-06-18 08:47:21"
"690","KaylaEex","k.ayla.p.ir.se0.9.9@gmail.com","2016-06-17 16:48:26","2016-06-17 16:48:26"
"689","FomSact","resabsov@mail.ru","2016-06-16 09:31:19","2016-06-16 09:31:19"
"688","matthias","me2@matthiashertel.eu","2016-06-12 14:04:12","2016-06-12 14:04:12"
"687","Anselmo","suport.avdesign@gmail.com","2016-06-11 17:56:19","2016-06-11 17:56:19"
"686","Dhaval ","djmistry621994@gmail.com","2016-06-11 10:29:50","2016-06-11 10:29:50"
"685","NomSact","rtesamka@mail.ru","2016-06-11 05:57:37","2016-06-11 05:57:37"
"684","AlisaStill88","a.l.y.s.a.key.n.0.99@gmail.com","2016-06-05 07:54:00","2016-06-05 07:54:00"
"683","patrocinio","terabyte5000@gmail.com","2016-06-05 07:09:10","2016-06-05 07:09:10"
"682","spike03","ecnerret.adajet@gmail.com","2016-06-03 08:12:17","2016-06-03 08:13:00"
"681","Dendy","dendyinsan@yahoo.com","2016-05-31 09:48:49","2016-05-31 09:48:49"
"680","CharlesTink","bpdv39868@gmail.com","2016-05-31 04:03:19","2016-05-31 04:03:19"
"679","CharlesTink","ohgx62340@gmail.com","2016-05-31 03:54:44","2016-05-31 03:54:44"
"678","Dhwani","dhwanidedhia31@gmail.com","2016-05-30 12:52:32","2016-05-30 12:52:32"
"677","Joao","johnwall41@gmail.com","2016-05-29 20:38:34","2016-05-29 20:38:34"
"676","112233","icecreamseakanakan@gmail.com","2016-05-29 18:03:11","2016-05-29 18:03:11"
"675","assoft","assoft@hotmail.com","2016-05-25 07:42:34","2016-05-25 07:42:34"
"674","seco","germacran@gmail.com","2016-05-24 16:51:48","2016-05-25 16:26:33"
"673","ubicijiojeoey","ovavibum@asdfasdfmail.net","2016-05-24 09:58:12","2016-05-24 09:58:12"
"672","aneykiyinoto","amenup@asdfasdfmail.net","2016-05-24 09:39:55","2016-05-24 09:39:55"
"671","odqeumeder","ertikemav@asdfmail.net","2016-05-24 05:55:18","2016-05-24 05:55:18"
"670","unpirisex","axitopa@asdfmail.net","2016-05-24 05:37:11","2016-05-24 05:37:11"
"669","RemSact","vati.seti@mail.ru","2016-05-21 18:06:22","2016-05-21 18:06:22"
"668","test","test@test.com","2016-05-21 00:25:25","2016-05-21 00:25:25"
"667","SamSact","reminovr@mail.ru","2016-05-20 01:20:08","2016-05-20 01:20:08"
"666","Jay Tea","jiantingrox@gmail.com","2016-05-19 18:53:42","2016-05-19 18:53:42"
"665","ulniperdana","ulni_perdana@yahoo.com","2016-05-18 01:35:20","2016-05-18 01:35:20"
"664","sensi","oflu_parola_61@hotmail.com","2016-05-16 19:36:57","2016-05-16 19:36:57"
"663","Morten Landmark","mortenlandmark@hotmail.com","2016-05-13 12:35:40","2016-05-18 10:04:53"
"662","parth","prthshukal@gmail.com","2016-05-13 10:38:24","2016-05-13 10:38:24"
"661","sheldon","sheldon@codesmith.sg","2016-05-11 17:42:54","2016-05-11 17:42:54"
"660","Greg Marlett","greg.marlett@gmail.com","2016-05-09 23:12:21","2016-05-09 23:12:55"
"659","Xavier","xavitormos@gmail.com","2016-05-06 15:41:49","2016-05-06 15:41:49"
"658","izaweseke","ukehiwaiq@asdooeemail.com","2016-05-04 12:02:31","2016-05-04 12:02:31"
"657","aesohgudub","ovuyaxume@asdooeemail.com","2016-05-04 11:42:41","2016-05-04 11:42:41"
"656","Armando Lazarte","armando_lazarte@hotmail.com","2016-05-03 14:27:44","2016-05-03 14:27:44"
"655","Faustino Vasquez","vasquez.limon@gmail.com","2016-05-03 04:34:24","2016-05-03 04:34:24"
"654","ZamSact","pertasos@mail.ru","2016-05-03 02:11:30","2016-05-03 02:11:30"
"653","Aaron Tolentino","aaron.tolentino@nuworks.ph","2016-05-02 03:29:25","2016-05-02 03:29:25"
"652","EdwardOn","edmondpaknr@mail.ru","2016-05-02 00:16:54","2016-05-02 00:16:54"
"651","iyappan","iyapsse@gmail.com","2016-04-28 07:58:26","2016-04-28 07:58:26"
"650","PEPEANTUAN","janavarro@telepolis.com","2016-04-26 17:26:42","2016-04-26 17:26:42"
"649","Ashish Gupta","ashishgupta001@gmail.com","2016-04-25 09:53:04","2016-04-25 12:45:24"
"648","Mohammed","m.sf2009@hotmail.com","2016-04-22 03:08:26","2016-04-22 03:08:26"
"647","Tunji","tunjibond@yahoo.com","2016-04-21 17:07:27","2016-04-21 17:07:27"
"646","juanito1119","me@juanfrancisco.io","2016-04-21 03:38:53","2016-04-21 03:38:53"
"645","ofodanogi","iqdoyum@apoimail.com","2016-04-18 10:45:06","2016-04-18 10:45:06"
"644","upuyaudiwixu","eizemarax@apoimail.com","2016-04-18 10:26:19","2016-04-18 10:26:19"
"643","anenijem","epexux@qwkcmail.net","2016-04-18 09:45:15","2016-04-18 09:45:15"
"642","amogunu","isolelis@qwkcmail.net","2016-04-18 09:27:00","2016-04-18 09:27:00"
"641","ukodemuyu","itougac@asdfasdfmail.net","2016-04-17 03:28:54","2016-04-17 03:28:54"
"640","agojidigomi","ufejuzawe@mailsdfsdf.net","2016-04-17 03:28:48","2016-04-17 03:28:48"
"639","upuawma","ayayip@asdfasdfmail.net","2016-04-17 03:11:25","2016-04-17 03:11:25"
"638","oseuvov","owdzab@mailsdfsdf.net","2016-04-17 03:11:18","2016-04-17 03:11:18"
"637","umneyibiv","erireeaar@qwkcmail.com","2016-04-17 02:21:16","2016-04-17 02:21:16"
"636","ulibluloguhke","umwohazya@qwkcmail.com","2016-04-17 02:03:46","2016-04-17 02:03:46"
"635","Bill Waddy","billwaddyjr@msn.com","2016-04-16 16:58:13","2016-04-16 16:58:13"
"634","atik","md_atiqulhaque@yahoo.com","2016-04-15 21:49:33","2016-04-15 22:01:13"
"633","Nikunj Kabariya","nikunj111.kabariya@gmail.com","2016-04-14 19:58:36","2016-04-14 19:58:36"
"632","Jaime Davina","jaimedavina@gmail.com","2016-04-13 15:58:48","2016-04-13 15:58:48"
"631","Diego","solidboss@gmail.com","2016-04-12 14:28:54","2016-04-12 14:28:54"
"630","adnane","angel.adnane@gmail.com","2016-04-11 10:31:23","2016-04-11 10:31:30"
"629","Amin Dehghani","amin.dehghani@yahoo.com","2016-04-05 12:29:17","2016-04-05 12:29:17"
"628","Ronaldmync","madlenoldbridgea+22a@gmail.com","2016-04-01 10:59:29","2016-04-01 10:59:29"
"627","jozef","balunjozef@gmail.com","2016-03-30 17:45:08","2016-03-30 17:46:03"
"626","test","test@gmail.com","2016-03-27 15:28:36","2016-03-27 15:28:36"
"625","urarorivid","uwogojs@mailsdfsdf.net","2016-03-25 06:24:31","2016-03-25 06:24:31"
"624","emiverxoc","aaciber@mailsdfsdf.net","2016-03-25 06:07:49","2016-03-25 06:07:49"
"623","apokesuge","bildexego@asdfasdfmail.com","2016-03-24 22:36:51","2016-03-24 22:36:51"
"622","aqibisose","amagiqeho@asdfasdfmail.com","2016-03-24 22:20:16","2016-03-24 22:20:16"
"621","modsbyswsruCemFN","modsbyswsru@gmail.com","2016-03-23 09:47:04","2016-03-23 09:47:04"
"620","eqeqeqe","eqeqeq@asdooeemail.com","2016-03-23 06:13:02","2016-03-23 06:13:02"
"619","eqoigamu","ipakeipi@qwkcmail.net","2016-03-22 22:38:09","2016-03-22 22:38:09"
"618","ihezewuw","xenbduma@qwkcmail.net","2016-03-22 22:21:50","2016-03-22 22:21:50"
"617","Girlsxxxsa","cibspw125@mail.ru","2016-03-20 10:47:25","2016-03-20 10:47:25"
"616","Haroldas","hkerusauskas@gmail.com","2016-03-17 12:06:23","2016-03-17 12:06:57"
"615","RichardMi","anaighte@hotmail.com","2016-03-16 21:49:55","2016-03-16 21:49:55"
"614","Sergio","sergarrido@hotmail.com","2016-03-16 16:15:26","2016-03-16 16:15:26"
"613","aaa","aaa@gmail.com","2016-03-16 10:07:06","2016-03-16 10:08:29"
"612","Anass","ans-ezzouaine@hotmail.com","2016-03-15 13:55:04","2016-03-15 13:55:04"
"611","Girlsxxxsa","ibzjjh221@mail.ru","2016-03-14 20:44:23","2016-03-14 20:44:23"
"610","osevovipu","uwotuh@mailsdfsdf.net","2016-03-12 18:00:38","2016-03-12 18:00:38"
"609","ozifaquse","oqofoip@mailsdfsdf.net","2016-03-12 17:44:19","2016-03-12 17:44:19"
"608","ursepiteguv","ivefebidi@mailsdfsdf.net","2016-03-12 09:47:50","2016-03-12 09:47:50"
"607","ubeefaazapgoh","eheduqezo@mailsdfsdf.net","2016-03-12 09:32:40","2016-03-12 09:32:40"
"606","name","email@email.com","2016-03-11 04:02:26","2016-03-11 04:02:33"
"605","sam","msthea@gmail.com","2016-03-05 13:05:27","2016-03-05 13:05:27"
"604","immurrykib","Hetindith@mail-vix.ml","2016-03-03 02:16:19","2016-03-03 02:16:19"
"603","Regannenna","inf1@fastshipcialis.com","2016-03-03 01:01:28","2016-03-03 01:01:28"
"602","Kyle Collier","naryseraj@zyxyfumilupejez.com","2016-03-02 15:38:55","2016-03-02 15:41:53"
"601","JOSIAH NGIGE","josina08@gmail.com","2016-01-18 14:26:01","2016-01-18 14:26:01"
"600","uteludisemak","icaqas@asdooeemail.com","2016-01-14 09:00:21","2016-01-14 09:00:21"
"599","eemoolap","awayuf@asdooeemail.com","2016-01-14 08:46:08","2016-01-14 08:46:08"
"598","ubefoziede","ivudujop@toerkmail.com","2016-01-14 00:42:54","2016-01-14 00:42:54"
"597","uyuhera","uzowayox@toerkmail.com","2016-01-14 00:29:05","2016-01-14 00:29:05"
"596","okihiam","ijaosou@asooemail.com","2016-01-13 22:07:16","2016-01-13 22:07:16"
"595","upirakisirh","isaivoq@asooemail.com","2016-01-13 21:54:23","2016-01-13 21:54:23"
"594","ayopaux","exotim@asooemail.com","2016-01-13 21:26:51","2016-01-13 21:26:51"
"593","agakatagakofo","idzineb@qwkcmail.net","2016-01-13 21:21:27","2016-01-13 21:21:27"
"592","etogerufekur","oqehaowo@asooemail.com","2016-01-13 21:13:50","2016-01-13 21:13:50"
"591","uriwbazepofax","evineidum@qwkcmail.net","2016-01-13 21:07:38","2016-01-13 21:07:38"
"590","test","xunmaspace@gmail.com","2016-01-13 01:29:21","2016-01-13 01:29:32"
"589","Kenneth","kenneth@thereachtrust.org","2016-01-12 10:18:39","2016-01-12 10:18:39"
"588","Sukhpreet Ahluwalia","sukhpreetahluwalia@gmail.com","2016-01-11 10:43:40","2016-01-11 10:43:40"
"587","Miltonon","an.to.n.m.el.n.i.k.o.v62.9@gmail.com","2016-01-10 21:18:55","2016-01-10 21:18:55"
"586","ehomlubo","amulewoqk@apoimail.com","2016-01-05 03:23:21","2016-01-05 03:23:21"
"585","txhgapocoavqo","iwixulu@apoimail.com","2016-01-05 03:11:16","2016-01-05 03:11:16"
"584","aozoyacasev","ovubeu@mailsdfsdf.net","2016-01-04 18:45:31","2016-01-04 18:45:31"
"583","iquqaxes","eixqej@rtotlmail.com","2016-01-04 03:57:11","2016-01-04 03:57:11"
"582","azaibuwam","itihriul@qwkcmail.net","2016-01-04 03:48:02","2016-01-04 03:48:02"
"581","emiqnapeq","iqeior@rtotlmail.com","2016-01-04 03:45:05","2016-01-04 03:45:05"
"580","iherireji","ojadiado@asdfmail.net","2016-01-04 03:40:19","2016-01-04 03:40:19"
"579","uvifacfuaj","umozop@qwkcmail.net","2016-01-04 03:36:44","2016-01-04 03:36:44"
"578","axacoelefejia","eleoyapte@asdfmail.net","2016-01-04 03:27:01","2016-01-04 03:27:01"
"577","DanyKroche","pushnyove.g.o.r@gmail.com","2015-12-28 09:01:59","2015-12-28 09:01:59"
"576","liaxFler","treageast@mail-jim.cf","2015-12-25 15:28:13","2015-12-25 15:28:13"
"575","Luiz Anselmo Velame Ribas Araujo","design@anselmovelame.com.br","2015-12-19 03:48:33","2015-12-19 03:48:33"
"574","Matheus Ilário","matheusilario@gmail.com","2015-12-18 16:06:00","2015-12-18 16:06:00"
"573","kbitoon","kbitoon@gmail.com","2015-12-18 02:23:01","2015-12-18 02:23:01"
"572","woody777","barakatak777@gmail.com","2015-12-15 10:17:07","2015-12-15 10:17:07"
"571","ewvufoguzesad","ewafij@rtotlmail.com","2015-12-15 00:28:51","2015-12-15 00:28:51"
"570","ebalatewowemo","erheyeye@rtotlmail.com","2015-12-15 00:16:22","2015-12-15 00:16:22"
"569","avinulobuz","ohosaceje@mailsdfsdf.com","2015-12-14 09:00:49","2015-12-14 09:00:49"
"568","ozoxdeweyad","otiqewifa@mailsdfsdf.com","2015-12-14 08:47:32","2015-12-14 08:47:32"
"567","opurziyur","ifquva@dfoofmail.com","2015-12-13 17:10:56","2015-12-13 17:10:56"
"566","ilevobalolulo","agedatit@asdfasdfmail.net","2015-12-13 17:02:46","2015-12-13 17:02:46"
"565","ikokuceze","erogon@dfoofmail.com","2015-12-13 16:56:04","2015-12-13 16:56:04"
"564","orulicebej","abiwukiqg@asdfasdfmail.net","2015-12-13 16:49:04","2015-12-13 16:49:04"
"563","ohouxosocilus","ecaijoyom@dfoofmail.com","2015-12-13 16:42:02","2015-12-13 16:42:02"
"562","okotaromad","utonuoo@dfoofmail.com","2015-12-13 16:28:23","2015-12-13 16:28:23"
"561","ucoreeeraci","ujoexugu@qwkcmail.com","2015-12-13 16:23:11","2015-12-13 16:23:11"
"560","oqosofmurjiq","uuguqosem@asooemail.com","2015-12-13 16:17:37","2015-12-13 16:17:37"
"559","aqicetaegoyo","ulocioifc@qwkcmail.com","2015-12-13 16:10:52","2015-12-13 16:10:52"
"558","acawigedemis","ugitooke@asooemail.com","2015-12-13 16:04:48","2015-12-13 16:04:48"
"557","ekjuhajayibo","uixeov@dfoofmail.com","2015-12-13 16:01:49","2015-12-13 16:01:49"
"556","iqiceolo","uvojuim@asooemail.com","2015-12-13 15:52:01","2015-12-13 15:52:01"
"555","ooniinao","itobubel@rtotlmail.net","2015-12-13 15:49:39","2015-12-13 15:49:39"
"554","otupuliqulavo","iyapuh@dfoofmail.com","2015-12-13 15:47:11","2015-12-13 15:47:11"
"553","avlopnitiho","odaapocok@asooemail.com","2015-12-13 15:38:49","2015-12-13 15:38:49"
"552","iioubejewhitu","ewaria@rtotlmail.net","2015-12-13 15:36:31","2015-12-13 15:36:31"
"551","eloqmizo","exvgiqej@apoimail.com","2015-12-09 12:52:31","2015-12-09 12:52:31"
"550","kumeyahezoxil","ipamez@apoimail.com","2015-12-09 12:39:18","2015-12-09 12:39:18"
"549","M Yusuf Nurrohman","yunuz84@gmail.com","2015-12-09 08:10:14","2015-12-09 08:10:14"
"548","امیر حسین زاده","amir.email@yahoo.com","2015-12-08 11:55:03","2015-12-08 11:55:03"
"547","osiqowinuco","afbemot@toerkmail.com","2015-12-08 07:56:28","2015-12-08 07:56:28"
"546","ujimociage","asihoxva@toerkmail.com","2015-12-08 07:44:15","2015-12-08 07:44:15"
"545","ozeqakuwema","epeeugaz@apoimail.com","2015-12-07 18:08:47","2015-12-07 18:08:47"
"544","efovubtufevea","ehxxuuz@mailsdfsdf.net","2015-12-07 18:08:45","2015-12-07 18:08:45"
"543","baiytubemgeg","aginosa@mailsdfsdf.net","2015-12-07 17:55:33","2015-12-07 17:55:33"
"542","evdofeqif","ecokampro@apoimail.com","2015-12-07 17:55:24","2015-12-07 17:55:24"
"541","aufamibo","uyoxebo@asdfmail.net","2015-12-07 09:10:54","2015-12-07 09:10:54"
"540","eroazugajuaw","ayadzy@fghmail.net","2015-12-07 09:03:40","2015-12-07 09:03:40"
"539","azarwehocem","acizuda@toerkmail.com","2015-12-07 09:01:50","2015-12-07 09:01:50"
"538","owapogoku","qauyebwiv@mailasdkr.com","2015-12-07 09:01:26","2015-12-07 09:01:26"
"537","ozoxahdo","ipeuob@asdfasdfmail.com","2015-12-07 08:58:11","2015-12-07 08:58:11"
"536","evujivafenog","itaerokbm@asdfmail.net","2015-12-07 08:57:18","2015-12-07 08:57:18"
"535","anejixoyopox","arukumok@qwkcmail.net","2015-12-07 08:51:18","2015-12-07 08:51:18"
"534","egwedzukixib","unorucena@fghmail.net","2015-12-07 08:50:10","2015-12-07 08:50:10"
"533","igitoyekea","uyiedijab@toerkmail.com","2015-12-07 08:48:39","2015-12-07 08:48:39"
"532","isolibei","ilofabawu@mailasdkr.com","2015-12-07 08:48:19","2015-12-07 08:48:19"
"531","uqeniloezomix","suyanaete@asdfasdfmail.com","2015-12-07 08:45:39","2015-12-07 08:45:39"
"530","edahobayeri","uavoqane@qwkcmail.net","2015-12-07 08:38:31","2015-12-07 08:38:31"
"529","Andy Wijaya","andywijaya1992@yahoo.com","2015-12-04 17:42:55","2016-02-22 09:29:59"
"528","Setiawan Joey","sapisoy@gmail.com","2015-12-04 07:36:59","2015-12-04 07:36:59"
"527","veniliance","Attaibe@my-top-shop.com","2015-12-04 02:10:06","2015-12-04 02:10:06"
"526","Joel Gross","joel@coalitiontechnologies.com","2015-11-22 18:08:32","2015-11-22 18:08:32"
"525","TIGETEERIE","4b1012cuq@daymail.cf","2015-11-21 01:46:55","2015-11-21 01:46:55"
"524","vachanesh","vachaneshsai98@gmail.com","2015-11-19 10:16:06","2015-11-19 10:16:06"
"523","Tin","tinhtutsoe@gmail.com","2015-11-15 15:53:19","2015-11-15 15:53:19"
"522","nathan","lidzhu@gmail.com","2015-11-11 01:12:59","2015-11-11 01:12:59"
"521","alioiette","suaderreles1999@nimfa.info","2015-11-06 09:17:31","2015-11-06 09:17:31"
"520","Jim Vogel","james.vogel@wisc.edu","2015-10-30 19:45:42","2015-10-30 19:45:42"
"519","cyncAmitty","1iupvw5uk@yahoorg.cf","2015-10-26 22:15:24","2015-10-26 22:15:24"
"518","Harmoppono","gq1ofi302@yahooorg.gq","2015-10-26 08:42:15","2015-10-26 08:42:15"
"517","Rafael","miceli.rafael.dario@gmail.com","2015-10-24 15:54:21","2015-10-24 15:54:21"
"516","kosin","ju@srru.ac.th","2015-10-21 16:04:45","2015-10-21 16:04:45"
"515","Helder Alves","php@php.com","2015-10-20 12:14:31","2015-10-20 12:14:31"
"514","wagner","ped11dle@gmail.coim","2015-10-19 12:27:57","2015-10-19 12:27:57"
"513","James Jerome Buretta","hueyfreeman39@gmail.com","2015-10-19 10:57:20","2015-10-19 10:57:20"
"512","Carlos Eduardo","juniorb2ss@gmail.com","2015-10-16 14:39:59","2015-10-16 14:39:59"
"511","jackiewu214","jackiewu214@gmail.com","2015-10-16 01:17:48","2015-10-16 01:18:28"
"510","Andreas Ek","andreas@andreasek.se","2015-10-13 13:55:09","2015-10-13 13:55:09"
"509","abdou","tahiri.abdou@outlook.com","2015-10-13 11:22:07","2015-10-13 11:22:07"
"508","Ivan","wosheg@gmail.com","2015-10-09 02:42:22","2015-10-09 02:42:22"
"507","Enaah","mathis.bin@icloud.com","2015-09-17 12:41:59","2015-09-17 12:41:59"
"506","ajidajid","putcer99@yahoo.com","2015-09-16 02:35:40","2015-09-16 02:35:40"
"505","jibjabst","jibsajabsa@outlook.com","2015-09-14 00:20:19","2015-09-14 00:20:19"
"504","Carles","carles.lujan@gruporepris.com","2015-09-08 10:46:51","2015-09-08 10:46:51"
"503","riyaz","india@gmail.com","2015-09-02 14:07:14","2015-09-02 14:07:14"
"502","iliyas","pathaniliyas@gmail.com","2015-08-31 13:14:34","2015-08-31 13:14:34"
"501","John Kirkpatrick","news2me@hotmail.com","2015-08-24 09:23:46","2015-08-24 09:23:46"
"500","Prof. Lonny Crooks V","wisozk.lorenzo@schmeler.com","2015-07-30 08:34:15","2015-07-30 08:34:15"
"499","Mr. Brycen Bartoletti","jhoppe@yahoo.com","2015-07-30 08:34:15","2015-07-30 08:34:15"
"498","Emilio Borer Sr.","reanna.feest@yahoo.com","2015-07-30 08:34:15","2015-07-30 08:34:15"
"497","Shanie Thompson Sr.","amari.hamill@gutmann.net","2015-07-30 08:34:15","2015-07-30 08:34:15"
"496","Cedrick Schamberger V","maudie.bogan@hotmail.com","2015-07-30 08:34:15","2015-07-30 08:34:15"
"495","Magdalen Romaguera","hessel.jameson@hotmail.com","2015-07-30 08:34:15","2015-07-30 08:34:15"
"494","Christop O'Keefe","jaqueline.lowe@collier.com","2015-07-30 08:34:15","2015-07-30 08:34:15"
"493","Jaclyn Bailey II","zhartmann@weissnat.com","2015-07-30 08:34:14","2015-07-30 08:34:14"
"492","Abraham Simonis","ila00@yahoo.com","2015-07-30 08:34:14","2015-07-30 08:34:14"
"491","Orville Considine","nestor.sawayn@kuphal.com","2015-07-30 08:34:14","2015-07-30 08:34:14"
"490","Laverna Gislason","bmedhurst@dooley.com","2015-07-30 08:34:14","2015-07-30 08:34:14"
"489","Luella Armstrong","grimes.sabina@hotmail.com","2015-07-30 08:34:14","2015-07-30 08:34:14"
"488","Jade Bosco","labadie.alvera@howe.net","2015-07-30 08:34:14","2015-07-30 08:34:14"
"487","Cristal Langosh","olson.stephania@yahoo.com","2015-07-30 08:34:14","2015-07-30 08:34:14"
"486","Delfina Terry","white.johathan@king.com","2015-07-30 08:34:14","2015-07-30 08:34:14"
"485","Anastacio Bergnaum","tatyana20@smith.com","2015-07-30 08:34:14","2015-07-30 08:34:14"
"484","Prof. Tressie Walsh","oeffertz@marks.com","2015-07-30 08:34:14","2015-07-30 08:34:14"
"483","Eva DuBuque","kfeil@ankunding.com","2015-07-30 08:34:14","2015-07-30 08:34:14"
"482","Dr. Joannie Gutmann Sr.","aebert@yahoo.com","2015-07-30 08:34:14","2015-07-30 08:34:14"
"481","Dr. Kaela Klein IV","winston97@gmail.com","2015-07-30 08:34:13","2015-07-30 08:34:13"
"480","Ms. Tabitha Cormier I","ward81@hotmail.com","2015-07-30 08:34:13","2015-07-30 08:34:13"
"479","Macie Kirlin","rosanna67@purdy.com","2015-07-30 08:34:13","2015-07-30 08:34:13"
"478","Ms. Glenda Ruecker I","mpredovic@bashirian.com","2015-07-30 08:34:13","2015-07-30 08:34:13"
"477","Jaquelin Gibson","loraine.glover@gmail.com","2015-07-30 08:34:13","2015-07-30 08:34:13"
"476","Dorian Lesch","lexie24@rolfson.com","2015-07-30 08:34:13","2015-07-30 08:34:13"
"475","Turner Hintz","whitney.murazik@brown.com","2015-07-30 08:34:13","2015-07-30 08:34:13"
"474","Vito Waelchi III","jana54@gmail.com","2015-07-30 08:34:13","2015-07-30 08:34:13"
"473","Mr. Solon McGlynn","dmaggio@yahoo.com","2015-07-30 08:34:13","2015-07-30 08:34:13"
"472","Ethan Schumm","qleannon@gmail.com","2015-07-30 08:34:13","2015-07-30 08:34:13"
"471","Prof. Martine Breitenberg V","nkris@reinger.com","2015-07-30 08:34:13","2015-07-30 08:34:13"
"470","Monserrate Rohan","morissette.amir@yahoo.com","2015-07-30 08:34:13","2015-07-30 08:34:13"
"469","Nannie Anderson","modesta55@hotmail.com","2015-07-30 08:34:12","2015-07-30 08:34:12"
"468","Davion Orn","allan.heathcote@schneider.org","2015-07-30 08:34:12","2015-07-30 08:34:12"
"467","Vergie Rolfson","cleta88@yahoo.com","2015-07-30 08:34:12","2015-07-30 08:34:12"
"466","Edwin Cruickshank Sr.","katheryn.bergnaum@hotmail.com","2015-07-30 08:34:12","2015-07-30 08:34:12"
"465","Aracely Rowe","mack35@gmail.com","2015-07-30 08:34:12","2015-07-30 08:34:12"
"464","Kennedi Jacobi","lexi.murray@eichmann.info","2015-07-30 08:34:12","2015-07-30 08:34:12"
"463","Jude Emard","marcella78@yahoo.com","2015-07-30 08:34:12","2015-07-30 08:34:12"
"462","Kyle Prosacco","carroll.jaeden@yahoo.com","2015-07-30 08:34:12","2015-07-30 08:34:12"
"461","Troy Moen DVM","murazik.marcellus@cassin.org","2015-07-30 08:34:12","2015-07-30 08:34:12"
"460","Celestine Marks","hdoyle@gmail.com","2015-07-30 08:34:12","2015-07-30 08:34:12"
"459","Toney Cronin","margie72@kreiger.com","2015-07-30 08:34:12","2015-07-30 08:34:12"
"458","Jermaine Ruecker","nader.erin@hotmail.com","2015-07-30 08:34:12","2015-07-30 08:34:12"
"457","Reynold Lehner","cprohaska@gmail.com","2015-07-30 08:34:11","2015-07-30 08:34:11"
"456","Soledad Mills","ckeeling@gmail.com","2015-07-30 08:34:11","2015-07-30 08:34:11"
"455","Rose Kuhic","favian87@torphy.com","2015-07-30 08:34:11","2015-07-30 08:34:11"
"454","Herminio McGlynn PhD","eliza29@conn.net","2015-07-30 08:34:11","2015-07-30 08:34:11"
"453","Marilyne Hintz V","tnicolas@skiles.org","2015-07-30 08:34:11","2015-07-30 08:34:11"
"452","Pinkie Rutherford","bill18@goyette.org","2015-07-30 08:34:11","2015-07-30 08:34:11"
"451","Tobin Jenkins","emitchell@gmail.com","2015-07-30 08:34:11","2015-07-30 08:34:11"
"450","Mustafa Frami","ruecker.alfredo@hotmail.com","2015-07-30 08:34:11","2015-07-30 08:34:11"
"449","Ms. Dandre Pacocha IV","rowe.dorris@gmail.com","2015-07-30 08:34:11","2015-07-30 08:34:11"
"448","Mikel Bechtelar IV","jefferey14@ziemann.info","2015-07-30 08:34:11","2015-07-30 08:34:11"
"447","Prof. Torey Mayer PhD","gaylord.jamison@yahoo.com","2015-07-30 08:34:11","2015-07-30 08:34:11"
"446","Dr. Luigi Funk Jr.","howe.josephine@buckridge.com","2015-07-30 08:34:11","2015-07-30 08:34:11"
"445","Ms. Ericka Mitchell","faustino.hartmann@gmail.com","2015-07-30 08:34:10","2015-07-30 08:34:10"
"444","Rupert Howe Sr.","braun.merlin@gmail.com","2015-07-30 08:34:10","2015-07-30 08:34:10"
"443","Kayli Hyatt","pollich.arlene@koelpin.org","2015-07-30 08:34:10","2015-07-30 08:34:10"
"442","Enola Farrell","magnus.dickens@gmail.com","2015-07-30 08:34:10","2015-07-30 08:34:10"
"441","Ms. Audrey Luettgen PhD","brekke.joan@hotmail.com","2015-07-30 08:34:10","2015-07-30 08:34:10"
"440","Jeffrey Nolan IV","labadie.morris@spinka.biz","2015-07-30 08:34:10","2015-07-30 08:34:10"
"439","Sammie Monahan","rolando.gibson@yahoo.com","2015-07-30 08:34:10","2015-07-30 08:34:10"
"438","Prof. Brooke Cummings V","carroll.hermann@pfeffer.org","2015-07-30 08:34:10","2015-07-30 08:34:10"
"437","Mrs. Janis Pouros","percival.kreiger@hotmail.com","2015-07-30 08:34:10","2015-07-30 08:34:10"
"436","Jazmyn Hudson","jheller@gmail.com","2015-07-30 08:34:10","2015-07-30 08:34:10"
"435","Laverna Steuber","kautzer.branson@yahoo.com","2015-07-30 08:34:10","2015-07-30 08:34:10"
"434","Elza Strosin","mokeefe@wolf.org","2015-07-30 08:34:10","2015-07-30 08:34:10"
"433","Elza Dicki","grant.laverne@hotmail.com","2015-07-30 08:34:09","2015-07-30 08:34:09"
"432","Adrain Bode","dtoy@yahoo.com","2015-07-30 08:34:09","2015-07-30 08:34:09"
"431","Travon Braun","florencio.daniel@hotmail.com","2015-07-30 08:34:09","2015-07-30 08:34:09"
"430","Erik Abbott","cathy.yundt@hotmail.com","2015-07-30 08:34:09","2015-07-30 08:34:09"
"429","Erica Reichert","alivia.beer@yahoo.com","2015-07-30 08:34:09","2015-07-30 08:34:09"
"428","Miss Ila Altenwerth DDS","adriana59@mayert.com","2015-07-30 08:34:09","2015-07-30 08:34:09"
"427","Cierra Spinka MD","walker.schmidt@hegmann.com","2015-07-30 08:34:09","2015-07-30 08:34:09"
"426","Kara Beer MD","amalia51@johnson.biz","2015-07-30 08:34:09","2015-07-30 08:34:09"
"425","Jorge Romaguera II","joana32@trantow.net","2015-07-30 08:34:09","2015-07-30 08:34:09"
"424","Shemar Wisozk","veum.gregorio@heller.com","2015-07-30 08:34:09","2015-07-30 08:34:09"
"423","Kristina Pacocha","rempel.bethany@purdy.com","2015-07-30 08:34:09","2015-07-30 08:34:09"
"422","Antwan Dicki","vsmith@huels.com","2015-07-30 08:34:08","2015-07-30 08:34:08"
"421","Adelle Schmitt","penelope.jacobson@gmail.com","2015-07-30 08:34:08","2015-07-30 08:34:08"
"420","Mr. Judd Connelly","elsie.kozey@yahoo.com","2015-07-30 08:34:08","2015-07-30 08:34:08"
"419","Dr. Drew Monahan Jr.","noe.funk@mayert.info","2015-07-30 08:34:08","2015-07-30 08:34:08"
"418","Magdalena Lakin","emmalee37@yahoo.com","2015-07-30 08:34:08","2015-07-30 08:34:08"
"417","Oren Rutherford","chyna.harvey@ruecker.org","2015-07-30 08:34:08","2015-07-30 08:34:08"
"416","Mr. Henderson Deckow II","frogahn@mohr.org","2015-07-30 08:34:08","2015-07-30 08:34:08"
"415","Mrs. Josianne Crist","uvolkman@gmail.com","2015-07-30 08:34:08","2015-07-30 08:34:08"
"414","Dr. Frederic Koelpin IV","gdicki@bins.info","2015-07-30 08:34:08","2015-07-30 08:34:08"
"413","Nelda Rowe","humberto50@mcdermott.com","2015-07-30 08:34:08","2015-07-30 08:34:08"
"412","Vada Feeney","vada58@yahoo.com","2015-07-30 08:34:08","2015-07-30 08:34:08"
"411","Prof. Ernesto Stiedemann","lyric49@yahoo.com","2015-07-30 08:34:08","2015-07-30 08:34:08"
"410","Josefina Champlin","schuster.krista@yahoo.com","2015-07-30 08:34:07","2015-07-30 08:34:07"
"409","Elise Robel","pierce.prosacco@haley.com","2015-07-30 08:34:07","2015-07-30 08:34:07"
"408","Salvatore Altenwerth","junior.boyle@yahoo.com","2015-07-30 08:34:07","2015-07-30 08:34:07"
"407","Agustin Wilderman","katlyn84@gislason.com","2015-07-30 08:34:07","2015-07-30 08:34:07"
"406","Skyla Murphy","rath.katelyn@gmail.com","2015-07-30 08:34:07","2015-07-30 08:34:07"
"405","Judy Doyle V","kuhic.sven@franecki.com","2015-07-30 08:34:07","2015-07-30 08:34:07"
"404","Jazmyne Koss","aubree64@hotmail.com","2015-07-30 08:34:07","2015-07-30 08:34:07"
"403","Josie Rosenbaum","cking@yahoo.com","2015-07-30 08:34:07","2015-07-30 08:34:07"
"402","Genoveva Stracke","nbarton@hotmail.com","2015-07-30 08:34:07","2015-07-30 08:34:07"
"401","Ms. Rahsaan Stehr DVM","terry.kris@macejkovic.com","2015-07-30 08:34:07","2015-07-30 08:34:07"
"400","Ms. Pinkie Ward","jordyn12@hotmail.com","2015-07-30 08:34:07","2015-07-30 08:34:07"
"399","Mr. Hudson Hegmann PhD","reuben.ward@vandervort.com","2015-07-30 08:34:07","2015-07-30 08:34:07"
"398","Alessandra Wilkinson","eokon@anderson.org","2015-07-30 08:34:06","2015-07-30 08:34:06"
"397","Miss Karine Gleason III","goldner.bella@gmail.com","2015-07-30 08:34:06","2015-07-30 08:34:06"
"396","Sophie O'Keefe","okon.seamus@hotmail.com","2015-07-30 08:34:06","2015-07-30 08:34:06"
"395","Asa Abshire","ekautzer@renner.org","2015-07-30 08:34:06","2015-07-30 08:34:06"
"394","Gina Schoen Jr.","drew52@kuphal.biz","2015-07-30 08:34:06","2015-07-30 08:34:06"
"393","Ari Mosciski","marianna76@yahoo.com","2015-07-30 08:34:06","2015-07-30 08:34:06"
"392","General O'Reilly","zgrady@mclaughlin.com","2015-07-30 08:34:06","2015-07-30 08:34:06"
"391","Silas Batz","leonel.cruickshank@gmail.com","2015-07-30 08:34:06","2015-07-30 08:34:06"
"390","Elvie Doyle","vilma.marvin@gleichner.biz","2015-07-30 08:34:06","2015-07-30 08:34:06"
"389","Ada Gulgowski","reilly04@lindgren.com","2015-07-30 08:34:06","2015-07-30 08:34:06"
"388","Miss Allison Dooley","botsford.jayme@casper.com","2015-07-30 08:34:06","2015-07-30 08:34:06"
"387","Darrin Kovacek","kenna78@gmail.com","2015-07-30 08:34:06","2015-07-30 08:34:06"
"386","Lavonne Renner","judy68@hotmail.com","2015-07-30 08:34:05","2015-07-30 08:34:05"
"385","Prof. Michel Collier","kaleigh.padberg@yahoo.com","2015-07-30 08:34:05","2015-07-30 08:34:05"
"384","Raul Hauck","giovani.jast@connelly.net","2015-07-30 08:34:05","2015-07-30 08:34:05"
"383","Brennon Bosco","weber.simeon@yahoo.com","2015-07-30 08:34:05","2015-07-30 08:34:05"
"382","Danika Franecki Jr.","madison97@yahoo.com","2015-07-30 08:34:05","2015-07-30 08:34:05"
"381","Deven Kertzmann","mervin26@yahoo.com","2015-07-30 08:34:05","2015-07-30 08:34:05"
"380","Prof. Kade Fahey MD","ewolf@beatty.com","2015-07-30 08:34:05","2015-07-30 08:34:05"
"379","Mr. Torey Rice MD","brekke.clay@hoeger.com","2015-07-30 08:34:05","2015-07-30 08:34:05"
"378","Prof. Laverne Wyman","jenkins.rosalyn@ward.info","2015-07-30 08:34:05","2015-07-30 08:34:05"
"377","Janis Gutkowski","clementina.turner@willms.net","2015-07-30 08:34:05","2015-07-30 08:34:05"
"376","Deborah D'Amore","clara.waters@reichert.org","2015-07-30 08:34:05","2015-07-30 08:34:05"
"375","Conrad Gottlieb IV","uking@douglas.info","2015-07-30 08:34:05","2015-07-30 08:34:05"
"374","Marjolaine Schuppe","trey70@murazik.com","2015-07-30 08:34:04","2015-07-30 08:34:04"
"373","Josiane Schamberger","jorge71@hauck.com","2015-07-30 08:34:04","2015-07-30 08:34:04"
"372","Jacynthe Crist","horacio12@gmail.com","2015-07-30 08:34:04","2015-07-30 08:34:04"
"371","Claude Barrows","jewel.smith@kutch.net","2015-07-30 08:34:04","2015-07-30 08:34:04"
"370","Benedict Koch","jazmyne72@satterfield.net","2015-07-30 08:34:04","2015-07-30 08:34:04"
"369","Keyshawn Upton","spredovic@hotmail.com","2015-07-30 08:34:04","2015-07-30 08:34:04"
"368","Mrs. Macie Hirthe","fernando75@feil.com","2015-07-30 08:34:04","2015-07-30 08:34:04"
"367","Dr. Dillon Hauck V","reagan50@yahoo.com","2015-07-30 08:34:04","2015-07-30 08:34:04"
"366","Kira Purdy DVM","schroeder.graham@weber.info","2015-07-30 08:34:04","2015-07-30 08:34:04"
"365","Janiya Dibbert I","curt09@franecki.com","2015-07-30 08:34:04","2015-07-30 08:34:04"
"364","Eloisa Green","chadd.reinger@hotmail.com","2015-07-30 08:34:04","2015-07-30 08:34:04"
"363","Gabe Miller","utorphy@gmail.com","2015-07-30 08:34:04","2015-07-30 08:34:04"
"362","Glenda Grady DDS","hilpert.kaycee@wolff.com","2015-07-30 08:34:03","2015-07-30 08:34:03"
"361","Alisa Macejkovic","abigale.monahan@hotmail.com","2015-07-30 08:34:03","2015-07-30 08:34:03"
"360","Lon Rosenbaum","ethelyn.murphy@bins.info","2015-07-30 08:34:03","2015-07-30 08:34:03"
"359","Alize Larson DVM","maximus95@wilkinson.com","2015-07-30 08:34:03","2015-07-30 08:34:03"
"358","Prof. Eric Herman","jacques.smitham@wiza.org","2015-07-30 08:34:03","2015-07-30 08:34:03"
"357","Steve Green","rosario27@yahoo.com","2015-07-30 08:34:03","2015-07-30 08:34:03"
"356","Dejon Klocko","esmeralda20@cartwright.com","2015-07-30 08:34:03","2015-07-30 08:34:03"
"355","Dr. Felipe Smitham","darien45@yahoo.com","2015-07-30 08:34:03","2015-07-30 08:34:03"
"354","Karina Olson","glennie.cassin@klocko.com","2015-07-30 08:34:03","2015-07-30 08:34:03"
"353","Ms. Mollie O'Keefe PhD","ryder.gerhold@hotmail.com","2015-07-30 08:34:03","2015-07-30 08:34:03"
"352","Dr. Howell Ferry","jayson52@wisoky.com","2015-07-30 08:34:03","2015-07-30 08:34:03"
"351","Flavio Walker","grimes.lyric@gmail.com","2015-07-30 08:34:03","2015-07-30 08:34:03"
"350","Dr. Doug West","jaylon31@littel.info","2015-07-30 08:34:02","2015-07-30 08:34:02"
"349","Westley Schuster","kglover@padberg.biz","2015-07-30 08:34:02","2015-07-30 08:34:02"
"348","Malachi Boyer II","kunde.dagmar@sipes.info","2015-07-30 08:34:02","2015-07-30 08:34:02"
"347","Mr. Ernie Towne","jeanne17@lind.com","2015-07-30 08:34:02","2015-07-30 08:34:02"
"346","Travis Hoeger DDS","smacejkovic@hotmail.com","2015-07-30 08:34:02","2015-07-30 08:34:02"
"345","Clinton Harber","iva51@bednar.com","2015-07-30 08:34:02","2015-07-30 08:34:02"
"344","Renee O'Connell","armstrong.luz@schmeler.info","2015-07-30 08:34:02","2015-07-30 08:34:02"
"343","Horace Stark I","pagac.archibald@paucek.net","2015-07-30 08:34:02","2015-07-30 08:34:02"
"342","Warren Hintz","alvera97@gmail.com","2015-07-30 08:34:02","2015-07-30 08:34:02"
"341","Sandra Considine","mariela.leannon@gmail.com","2015-07-30 08:34:02","2015-07-30 08:34:02"
"340","Mr. Reid Murphy","kuvalis.coby@hotmail.com","2015-07-30 08:34:02","2015-07-30 08:34:02"
"339","Anika Pagac","lauren.grant@champlin.biz","2015-07-30 08:34:02","2015-07-30 08:34:02"
"338","Keanu Schmeler","bernhard.ray@yahoo.com","2015-07-30 08:34:01","2015-07-30 08:34:01"
"337","Eli Smitham DVM","shayne.towne@gutkowski.org","2015-07-30 08:34:01","2015-07-30 08:34:01"
"336","Prof. Eleanora Daugherty MD","willow50@gmail.com","2015-07-30 08:34:01","2015-07-30 08:34:01"
"335","Mr. Eladio Mitchell","andreane36@hotmail.com","2015-07-30 08:34:01","2015-07-30 08:34:01"
"334","Eladio Watsica V","ipfannerstill@yahoo.com","2015-07-30 08:34:01","2015-07-30 08:34:01"
"333","Jarrell Bergnaum","kirk.hintz@gmail.com","2015-07-30 08:34:01","2015-07-30 08:34:01"
"332","Lukas Kuhn I","era.zulauf@hotmail.com","2015-07-30 08:34:01","2015-07-30 08:34:01"
"331","Bertram Ankunding","tbarton@bartell.com","2015-07-30 08:34:01","2015-07-30 08:34:01"
"330","Vincent Dach","chyna24@boyer.net","2015-07-30 08:34:01","2015-07-30 08:34:01"
"329","Aiyana Parker IV","rnicolas@hotmail.com","2015-07-30 08:34:01","2015-07-30 08:34:01"
"328","Leta Kassulke","bgrady@durgan.net","2015-07-30 08:34:01","2015-07-30 08:34:01"
"327","Rod Hilpert","deontae.howell@fadel.info","2015-07-30 08:34:00","2015-07-30 08:34:00"
"326","Dr. Arnulfo Block","khowe@hotmail.com","2015-07-30 08:34:00","2015-07-30 08:34:00"
"325","Jordan Bednar","gritchie@gmail.com","2015-07-30 08:34:00","2015-07-30 08:34:00"
"324","Prof. Tess Kirlin","xjohnston@volkman.com","2015-07-30 08:34:00","2015-07-30 08:34:00"
"323","Adrain Cassin","alejandra.emard@runolfsson.net","2015-07-30 08:34:00","2015-07-30 08:34:00"
"322","Derek Veum","swift.gerson@pouros.biz","2015-07-30 08:34:00","2015-07-30 08:34:00"
"321","Electa Jaskolski","celia.mohr@boyle.net","2015-07-30 08:34:00","2015-07-30 08:34:00"
"320","Makenzie Huels","gus41@considine.com","2015-07-30 08:34:00","2015-07-30 08:34:00"
"319","Emile Murphy","durgan.mireille@hotmail.com","2015-07-30 08:34:00","2015-07-30 08:34:00"
"318","Ima Prohaska","esauer@yahoo.com","2015-07-30 08:34:00","2015-07-30 08:34:00"
"317","Joy Abbott","flatley.trycia@hotmail.com","2015-07-30 08:34:00","2015-07-30 08:34:00"
"316","Prof. Jonatan Mohr","frami.brendon@hotmail.com","2015-07-30 08:34:00","2015-07-30 08:34:00"
"315","Mr. Liam Green","april.robel@yahoo.com","2015-07-30 08:33:59","2015-07-30 08:33:59"
"314","Vesta Kessler","turner.braxton@kihn.com","2015-07-30 08:33:59","2015-07-30 08:33:59"
"313","Dr. Velva Kozey DVM","plueilwitz@yahoo.com","2015-07-30 08:33:59","2015-07-30 08:33:59"
"312","Marcel Fisher","lemke.walton@kunze.com","2015-07-30 08:33:59","2015-07-30 08:33:59"
"311","Kirsten Metz","america.wintheiser@hotmail.com","2015-07-30 08:33:59","2015-07-30 08:33:59"
"310","Fanny Lemke","dickens.antonetta@sipes.net","2015-07-30 08:33:59","2015-07-30 08:33:59"
"309","Tate Hane","reinger.marcelino@hotmail.com","2015-07-30 08:33:59","2015-07-30 08:33:59"
"308","Aryanna Dicki","lemke.cayla@yahoo.com","2015-07-30 08:33:59","2015-07-30 08:33:59"
"307","Angie Grady","kamron.cronin@gmail.com","2015-07-30 08:33:59","2015-07-30 08:33:59"
"306","Gia Hessel","earmstrong@gmail.com","2015-07-30 08:33:59","2015-07-30 08:33:59"
"305","Maybell Jacobson","spinka.valentine@hickle.com","2015-07-30 08:33:58","2015-07-30 08:33:58"
"304","Mohammad Weimann","cbogan@gmail.com","2015-07-30 08:33:58","2015-07-30 08:33:58"
"303","Corene O'Hara","ebogisich@stokes.com","2015-07-30 08:33:58","2015-07-30 08:33:58"
"302","Mr. Darien Herzog II","sharris@gmail.com","2015-07-30 08:33:58","2015-07-30 08:33:58"
"301","Matt Schultz","xhirthe@gmail.com","2015-07-30 08:33:58","2015-07-30 08:33:58"
"300","Brandi Collins","dicki.clotilde@daugherty.info","2015-07-30 08:33:58","2015-07-30 08:33:58"
"299","Ludie Kuphal","wlesch@cremin.com","2015-07-30 08:33:58","2015-07-30 08:33:58"
"298","Donald Lynch","jarrett85@ziemann.biz","2015-07-30 08:33:58","2015-07-30 08:33:58"
"297","Maximillia Huels V","willa22@hickle.com","2015-07-30 08:33:58","2015-07-30 08:33:58"
"296","Mr. Dudley Gerlach","grant.cathryn@yahoo.com","2015-07-30 08:33:58","2015-07-30 08:33:58"
"295","Kavon Dickinson","vzulauf@gmail.com","2015-07-30 08:33:58","2015-07-30 08:33:58"
"294","Maybelle Kozey","jeffry58@gmail.com","2015-07-30 08:33:58","2015-07-30 08:33:58"
"293","Mr. Broderick Casper","morar.elouise@reinger.com","2015-07-30 08:33:57","2015-07-30 08:33:57"
"292","Khalil Marks","alexys.zulauf@yahoo.com","2015-07-30 08:33:57","2015-07-30 08:33:57"
"291","Dr. Fay Hayes Jr.","beer.kenny@vandervort.com","2015-07-30 08:33:57","2015-07-30 08:33:57"
"290","Teresa Collier","maureen.kertzmann@yahoo.com","2015-07-30 08:33:57","2015-07-30 08:33:57"
"289","Jovani Terry","mandy.gleichner@mann.info","2015-07-30 08:33:57","2015-07-30 08:33:57"
"288","Deonte Bode","runte.milo@fahey.com","2015-07-30 08:33:57","2015-07-30 08:33:57"
"287","Aliyah Ziemann III","precious.hauck@hotmail.com","2015-07-30 08:33:57","2015-07-30 08:33:57"
"286","Rico Sawayn","jose53@howell.com","2015-07-30 08:33:57","2015-07-30 08:33:57"
"285","Emile Morissette","lullrich@gmail.com","2015-07-30 08:33:57","2015-07-30 08:33:57"
"284","Ava Watsica","eunice25@hotmail.com","2015-07-30 08:33:57","2015-07-30 08:33:57"
"283","Weldon Fay","zoila.lesch@hotmail.com","2015-07-30 08:33:57","2015-07-30 08:33:57"
"282","Dr. Easton Ledner","okuneva.jean@hotmail.com","2015-07-30 08:33:56","2015-07-30 08:33:56"
"281","Larry Heidenreich","hackett.brock@hotmail.com","2015-07-30 08:33:56","2015-07-30 08:33:56"
"280","Myrtis Towne DDS","king.torp@runolfsdottir.com","2015-07-30 08:33:56","2015-07-30 08:33:56"
"279","Reynold Howe Jr.","justine.kilback@langosh.com","2015-07-30 08:33:56","2015-07-30 08:33:56"
"278","Dax Smitham III","oschuppe@dare.com","2015-07-30 08:33:56","2015-07-30 08:33:56"
"277","Jamil Beatty","lind.adela@hotmail.com","2015-07-30 08:33:56","2015-07-30 08:33:56"
"276","Prof. Dovie Boyle DVM","fjacobson@hotmail.com","2015-07-30 08:33:56","2015-07-30 08:33:56"
"275","Nicola Quigley","yfarrell@yahoo.com","2015-07-30 08:33:56","2015-07-30 08:33:56"
"274","Mr. Gunnar Treutel PhD","roma.donnelly@gmail.com","2015-07-30 08:33:56","2015-07-30 08:33:56"
"273","Jamarcus Goldner","claudine52@gmail.com","2015-07-30 08:33:56","2015-07-30 08:33:56"
"272","Darby Zulauf","mozelle37@hotmail.com","2015-07-30 08:33:56","2015-07-30 08:33:56"
"271","Miss Arlie Gleichner","rnitzsche@kemmer.biz","2015-07-30 08:33:56","2015-07-30 08:33:56"
"270","Prof. Tania Stanton III","obrown@abernathy.com","2015-07-30 08:33:55","2015-07-30 08:33:55"
"269","Loren Barton","forest.hickle@gmail.com","2015-07-30 08:33:55","2015-07-30 08:33:55"
"268","Dillon Swaniawski","douglas48@hotmail.com","2015-07-30 08:33:55","2015-07-30 08:33:55"
"267","Marc Denesik","reichel.luz@wilkinson.net","2015-07-30 08:33:55","2015-07-30 08:33:55"
"266","Micheal Bailey","kbosco@blanda.org","2015-07-30 08:33:55","2015-07-30 08:33:55"
"265","Corrine Pacocha","lubowitz.nestor@gmail.com","2015-07-30 08:33:55","2015-07-30 08:33:55"
"264","Ray Bauch III","viola08@wolf.org","2015-07-30 08:33:55","2015-07-30 08:33:55"
"263","Prof. Rasheed Glover IV","melba66@labadie.info","2015-07-30 08:33:55","2015-07-30 08:33:55"
"262","Isai Glover PhD","afahey@yahoo.com","2015-07-30 08:33:55","2015-07-30 08:33:55"
"261","Destinee Gibson","nswaniawski@hotmail.com","2015-07-30 08:33:55","2015-07-30 08:33:55"
"260","Jane Kris","leone.doyle@cruickshank.net","2015-07-30 08:33:55","2015-07-30 08:33:55"
"259","Thurman Pacocha","mcglynn.dee@hegmann.com","2015-07-30 08:33:55","2015-07-30 08:33:55"
"258","Fletcher Nader","kieran11@lesch.biz","2015-07-30 08:33:54","2015-07-30 08:33:54"
"257","Maud Little Jr.","mlangosh@yahoo.com","2015-07-30 08:33:54","2015-07-30 08:33:54"
"256","Prof. Theron Harber","donna.wuckert@metz.net","2015-07-30 08:33:54","2015-07-30 08:33:54"
"255","Lavern McClure","wayne.heaney@bernier.info","2015-07-30 08:33:54","2015-07-30 08:33:54"
"254","Brain Ratke","rudolph78@hotmail.com","2015-07-30 08:33:54","2015-07-30 08:33:54"
"253","Skye Hahn","grace65@hermann.com","2015-07-30 08:33:54","2015-07-30 08:33:54"
"252","Sammie Wyman","grady.delphine@beahan.com","2015-07-30 08:33:54","2015-07-30 08:33:54"
"251","Marshall Will","tate49@yahoo.com","2015-07-30 08:33:54","2015-07-30 08:33:54"
"250","Prof. Kristoffer Rice","kuhlman.haley@welch.info","2015-07-30 08:33:54","2015-07-30 08:33:54"
"249","Willis Friesen","dblick@christiansen.com","2015-07-30 08:33:54","2015-07-30 08:33:54"
"248","Otilia Leuschke","koepp.anabel@gutkowski.biz","2015-07-30 08:33:54","2015-07-30 08:33:54"
"247","Roscoe Kiehn","halle.okeefe@gmail.com","2015-07-30 08:33:54","2015-07-30 08:33:54"
"246","Libby Hilll","vincent66@wyman.com","2015-07-30 08:33:53","2015-07-30 08:33:53"
"245","Antonetta Schaden","tking@harber.com","2015-07-30 08:33:53","2015-07-30 08:33:53"
"244","Mrs. Shanny Kuvalis V","ankunding.sydnie@hotmail.com","2015-07-30 08:33:53","2015-07-30 08:33:53"
"243","Dallin Metz","jennie22@hotmail.com","2015-07-30 08:33:53","2015-07-30 08:33:53"
"242","Giovanni Marquardt","euna06@yahoo.com","2015-07-30 08:33:53","2015-07-30 08:33:53"
"241","Mohammed Green","ifranecki@kozey.biz","2015-07-30 08:33:53","2015-07-30 08:33:53"
"240","Oscar Gerlach","cwillms@yahoo.com","2015-07-30 08:33:53","2015-07-30 08:33:53"
"239","Kathryne Cole","karson43@ritchie.com","2015-07-30 08:33:53","2015-07-30 08:33:53"
"238","Salvador Kilback","rhiannon01@lockman.com","2015-07-30 08:33:53","2015-07-30 08:33:53"
"237","Mrs. Era Hansen","darlene38@klocko.info","2015-07-30 08:33:53","2015-07-30 08:33:53"
"236","Russel Price","jerde.kole@yahoo.com","2015-07-30 08:33:53","2015-07-30 08:33:53"
"235","Silas Dare Jr.","stone.rowe@hotmail.com","2015-07-30 08:33:53","2015-07-30 08:33:53"
"234","Frida O'Reilly","heaney.ruben@runte.org","2015-07-30 08:33:52","2015-07-30 08:33:52"
"233","Edythe Wyman","verla.ernser@hotmail.com","2015-07-30 08:33:52","2015-07-30 08:33:52"
"232","Dorthy Abbott","boyle.raphael@yahoo.com","2015-07-30 08:33:52","2015-07-30 08:33:52"
"231","Afton West","alyce89@hane.com","2015-07-30 08:33:52","2015-07-30 08:33:52"
"230","Salvatore Tremblay","schoen.valentin@boehm.com","2015-07-30 08:33:52","2015-07-30 08:33:52"
"229","Gunnar Collins","iprice@kerluke.com","2015-07-30 08:33:52","2015-07-30 08:33:52"
"228","Sandy Stracke","louie74@yahoo.com","2015-07-30 08:33:52","2015-07-30 08:33:52"
"227","Dr. Blaise Marquardt","hardy.klocko@lindgren.com","2015-07-30 08:33:52","2015-07-30 08:33:52"
"226","Reinhold Maggio","myrtis81@breitenberg.com","2015-07-30 08:33:52","2015-07-30 08:33:52"
"225","Florencio Breitenberg DVM","general.medhurst@kuhn.com","2015-07-30 08:33:52","2015-07-30 08:33:52"
"224","Stanton Koelpin","phoebe59@yahoo.com","2015-07-30 08:33:52","2015-07-30 08:33:52"
"223","Billy Williamson IV","keegan57@heidenreich.info","2015-07-30 08:33:52","2015-07-30 08:33:52"
"222","Arnoldo D'Amore","bruen.dewitt@hotmail.com","2015-07-30 08:33:51","2015-07-30 08:33:51"
"221","Esmeralda Haley","quigley.sammy@yahoo.com","2015-07-30 08:33:51","2015-07-30 08:33:51"
"220","Audie Abernathy","charlene.dare@hotmail.com","2015-07-30 08:33:51","2015-07-30 08:33:51"
"219","Shawn Herzog","zoie.bergnaum@effertz.biz","2015-07-30 08:33:51","2015-07-30 08:33:51"
"218","Oscar Hauck","tlittle@yahoo.com","2015-07-30 08:33:51","2015-07-30 08:33:51"
"217","Ms. Isabell Conroy IV","emccullough@hotmail.com","2015-07-30 08:33:51","2015-07-30 08:33:51"
"216","Marcelino Romaguera","ehaley@yahoo.com","2015-07-30 08:33:51","2015-07-30 08:33:51"
"215","Mrs. Simone Krajcik III","bernier.bobbie@stamm.com","2015-07-30 08:33:51","2015-07-30 08:33:51"
"214","Alden Oberbrunner","odie01@yahoo.com","2015-07-30 08:33:51","2015-07-30 08:33:51"
"213","Felicita Bosco","koelpin.ethelyn@gmail.com","2015-07-30 08:33:51","2015-07-30 08:33:51"
"212","Jacky Auer","alebsack@baumbach.info","2015-07-30 08:33:51","2015-07-30 08:33:51"
"211","Kaela Hettinger","ferne.osinski@yahoo.com","2015-07-30 08:33:50","2015-07-30 08:33:50"
"210","Damaris Skiles","shakira39@cronin.com","2015-07-30 08:33:50","2015-07-30 08:33:50"
"209","Kendall Cartwright DDS","meghan58@oconner.com","2015-07-30 08:33:50","2015-07-30 08:33:50"
"208","Lamar Yundt","kaltenwerth@brekke.biz","2015-07-30 08:33:50","2015-07-30 08:33:50"
"207","Andreanne Hansen","brain.flatley@conn.com","2015-07-30 08:33:50","2015-07-30 08:33:50"
"206","Evangeline Boyle","keeling.duncan@gmail.com","2015-07-30 08:33:50","2015-07-30 08:33:50"
"205","Sophie Nader","buckridge.mortimer@franecki.com","2015-07-30 08:33:50","2015-07-30 08:33:50"
"204","Dave Bergstrom","cathrine82@kessler.net","2015-07-30 08:33:50","2015-07-30 08:33:50"
"203","Stanley Ortiz PhD","wisoky.lillian@hotmail.com","2015-07-30 08:33:50","2015-07-30 08:33:50"
"202","Karelle McCullough","heathcote.granville@huel.org","2015-07-30 08:33:50","2015-07-30 08:33:50"
"201","Breanne Barrows","sincere29@yahoo.com","2015-07-30 08:33:50","2015-07-30 08:33:50"
"200","Allison Brakus PhD","wfeeney@bechtelar.com","2015-07-30 08:33:50","2015-07-30 08:33:50"
"199","Mr. Nasir Rempel","gleichner.twila@gmail.com","2015-07-30 08:33:49","2015-07-30 08:33:49"
"198","Wilfrid Kemmer","louvenia.kuvalis@bauch.info","2015-07-30 08:33:49","2015-07-30 08:33:49"
"197","Donavon Wilkinson DDS","walsh.lennie@nitzsche.org","2015-07-30 08:33:49","2015-07-30 08:33:49"
"196","Adolf Lang","ryder28@deckow.org","2015-07-30 08:33:49","2015-07-30 08:33:49"
"195","Keely Jast Jr.","dmedhurst@crona.com","2015-07-30 08:33:49","2015-07-30 08:33:49"
"194","Michel Lang","curtis.reichel@yahoo.com","2015-07-30 08:33:49","2015-07-30 08:33:49"
"193","Briana Wilkinson","raoul.lockman@yahoo.com","2015-07-30 08:33:49","2015-07-30 08:33:49"
"192","Daren Ankunding","nikita21@yahoo.com","2015-07-30 08:33:49","2015-07-30 08:33:49"
"191","Zoila Mueller Jr.","stephania.dach@rice.biz","2015-07-30 08:33:49","2015-07-30 08:33:49"
"190","Jaquelin Willms","giovanna.erdman@yahoo.com","2015-07-30 08:33:49","2015-07-30 08:33:49"
"189","Kiel Hoppe Sr.","skirlin@yahoo.com","2015-07-30 08:33:49","2015-07-30 08:33:49"
"188","Dr. Peggie Beier IV","little.gerson@lueilwitz.com","2015-07-30 08:33:49","2015-07-30 08:33:49"
"187","Raoul Cruickshank Jr.","schuster.bobbie@kunze.com","2015-07-30 08:33:48","2015-07-30 08:33:48"
"186","Pascale Schaden","carlos.stark@okon.biz","2015-07-30 08:33:48","2015-07-30 08:33:48"
"185","Linwood Berge","zrunolfsson@braun.net","2015-07-30 08:33:48","2015-07-30 08:33:48"
"184","Dr. Maurice Torp III","kirstin.kautzer@mann.info","2015-07-30 08:33:48","2015-07-30 08:33:48"
"183","Roberta Douglas","haag.linwood@vonrueden.org","2015-07-30 08:33:48","2015-07-30 08:33:48"
"182","Kirstin Langworth DDS","sporer.mireya@kub.com","2015-07-30 08:33:48","2015-07-30 08:33:48"
"181","Miss Heath Padberg Sr.","nbauch@balistreri.org","2015-07-30 08:33:48","2015-07-30 08:33:48"
"180","Cristopher Hartmann","quinton.johnson@sauer.com","2015-07-30 08:33:48","2015-07-30 08:33:48"
"179","Mustafa Bernhard","greenfelder.corine@hotmail.com","2015-07-30 08:33:48","2015-07-30 08:33:48"
"178","Ms. Skyla Jenkins","amacejkovic@monahan.com","2015-07-30 08:33:48","2015-07-30 08:33:48"
"177","Sterling Kunde I","goyette.gregg@oconnell.org","2015-07-30 08:33:48","2015-07-30 08:33:48"
"176","Mr. Andy Schowalter IV","lessie65@hotmail.com","2015-07-30 08:33:48","2015-07-30 08:33:48"
"175","Jarvis Mills","vvon@hotmail.com","2015-07-30 08:33:47","2015-07-30 08:33:47"
"174","Forest Hartmann","eswaniawski@yahoo.com","2015-07-30 08:33:47","2015-07-30 08:33:47"
"173","Prof. Nicholaus Gerhold MD","metz.frida@bednar.com","2015-07-30 08:33:47","2015-07-30 08:33:47"
"172","Ricky Maggio","lgulgowski@schaden.com","2015-07-30 08:33:47","2015-07-30 08:33:47"
"171","Olaf Kohler","susie.buckridge@douglas.com","2015-07-30 08:33:47","2015-07-30 08:33:47"
"170","Hank Mann","xkessler@schultz.net","2015-07-30 08:33:47","2015-07-30 08:33:47"
"169","Allison Hahn DDS","grant.beulah@hotmail.com","2015-07-30 08:33:47","2015-07-30 08:33:47"
"168","Natasha Hodkiewicz","xtorphy@gmail.com","2015-07-30 08:33:47","2015-07-30 08:33:47"
"167","Edgar Bernier","vandervort.lois@berge.org","2015-07-30 08:33:47","2015-07-30 08:33:47"
"166","Fanny Lockman","ryder.muller@huels.com","2015-07-30 08:33:47","2015-07-30 08:33:47"
"165","Mrs. Jakayla Treutel DVM","raymond.will@hilpert.info","2015-07-30 08:33:47","2015-07-30 08:33:47"
"164","Antonette Block","alba.fadel@schowalter.com","2015-07-30 08:33:47","2015-07-30 08:33:47"
"163","Prof. Miles Adams","lucy99@gmail.com","2015-07-30 08:33:46","2015-07-30 08:33:46"
"162","Mrs. Angelita Wuckert DVM","thiel.chelsea@hotmail.com","2015-07-30 08:33:46","2015-07-30 08:33:46"
"161","Leatha Kris","beer.roxanne@gmail.com","2015-07-30 08:33:46","2015-07-30 08:33:46"
"160","Prof. Angela Okuneva DVM","pbernhard@senger.com","2015-07-30 08:33:46","2015-07-30 08:33:46"
"159","Luella Mante","afarrell@kessler.com","2015-07-30 08:33:46","2015-07-30 08:33:46"
"158","Elza Farrell","ezra.halvorson@altenwerth.net","2015-07-30 08:33:46","2015-07-30 08:33:46"
"157","Wallace Weber DVM","roob.damien@reinger.com","2015-07-30 08:33:46","2015-07-30 08:33:46"
"156","Graham Kuhic","nikolaus.otho@hotmail.com","2015-07-30 08:33:46","2015-07-30 08:33:46"
"155","Prof. Casper Koch","daniel.erica@hills.biz","2015-07-30 08:33:46","2015-07-30 08:33:46"
"154","Coralie Kreiger II","libbie.prosacco@yahoo.com","2015-07-30 08:33:46","2015-07-30 08:33:46"
"153","Chet Oberbrunner MD","fkeebler@yahoo.com","2015-07-30 08:33:46","2015-07-30 08:33:46"
"152","Prof. Rosalyn Tremblay","ygottlieb@gmail.com","2015-07-30 08:33:45","2015-07-30 08:33:45"
"151","Jarrod Greenholt III","reanna.sipes@hotmail.com","2015-07-30 08:33:45","2015-07-30 08:33:45"
"150","Prof. Matilda Yundt","iemmerich@kilback.org","2015-07-30 08:33:45","2015-07-30 08:33:45"
"149","Frank Little","paxton61@upton.info","2015-07-30 08:33:45","2015-07-30 08:33:45"
"148","Norval Wyman","ewell.hickle@gmail.com","2015-07-30 08:33:45","2015-07-30 08:33:45"
"147","Ayla Welch","hjohnston@hotmail.com","2015-07-30 08:33:45","2015-07-30 08:33:45"
"146","Bernie Hills","aliza.mueller@will.net","2015-07-30 08:33:45","2015-07-30 08:33:45"
"145","Rosa Bergnaum","eloisa.heller@bradtke.org","2015-07-30 08:33:45","2015-07-30 08:33:45"
"144","Edgar Hamill PhD","kbotsford@hotmail.com","2015-07-30 08:33:45","2015-07-30 08:33:45"
"143","Sophia Batz","mertz.aracely@mclaughlin.com","2015-07-30 08:33:45","2015-07-30 08:33:45"
"142","Raheem Walsh","clemmie50@yahoo.com","2015-07-30 08:33:45","2015-07-30 08:33:45"
"141","Maxime Rutherford","lenore.schimmel@shanahan.com","2015-07-30 08:33:45","2015-07-30 08:33:45"
"140","Nicolette Wisoky I","hansen.elisha@rippin.com","2015-07-30 08:33:44","2015-07-30 08:33:44"
"139","Dr. Yesenia Spencer Jr.","emile68@kulas.biz","2015-07-30 08:33:44","2015-07-30 08:33:44"
"138","Carolyne Connelly","corkery.seamus@gmail.com","2015-07-30 08:33:44","2015-07-30 08:33:44"
"137","Prof. Merle Stanton","dmonahan@mante.com","2015-07-30 08:33:44","2015-07-30 08:33:44"
"136","Elvera Doyle","kdouglas@hotmail.com","2015-07-30 08:33:44","2015-07-30 08:33:44"
"135","Baby Beier DDS","ogislason@yahoo.com","2015-07-30 08:33:44","2015-07-30 08:33:44"
"134","Blanca Rau","gsatterfield@kertzmann.info","2015-07-30 08:33:44","2015-07-30 08:33:44"
"133","Elvie Steuber","gabrielle.connelly@reichert.org","2015-07-30 08:33:44","2015-07-30 08:33:44"
"132","Daryl Gleason PhD","bria88@hotmail.com","2015-07-30 08:33:44","2015-07-30 08:33:44"
"131","Berneice Wyman V","bradford67@gmail.com","2015-07-30 08:33:44","2015-07-30 08:33:44"
"130","Alisa Walter IV","krista.stamm@renner.com","2015-07-30 08:33:44","2015-07-30 08:33:44"
"129","Dr. Emmanuelle Cremin Sr.","malvina.lakin@wiza.net","2015-07-30 08:33:43","2015-07-30 08:33:43"
"128","Camylle Turcotte III","linwood.schmitt@gmail.com","2015-07-30 08:33:43","2015-07-30 08:33:43"
"127","Isabell Kuphal PhD","jameson.goyette@gmail.com","2015-07-30 08:33:43","2015-07-30 08:33:43"
"126","Prof. Moises Jerde","fidel77@yahoo.com","2015-07-30 08:33:43","2015-07-30 08:33:43"
"125","Ms. Aniya Franecki","nikolaus.nicholas@hotmail.com","2015-07-30 08:33:43","2015-07-30 08:33:43"
"124","Madisen Heathcote","xaufderhar@gmail.com","2015-07-30 08:33:43","2015-07-30 08:33:43"
"123","Ms. Giovanna Weimann III","gottlieb.jennyfer@yahoo.com","2015-07-30 08:33:43","2015-07-30 08:33:43"
"122","Mr. Camden Little DDS","anderson25@yahoo.com","2015-07-30 08:33:42","2015-07-30 08:33:42"
"121","Camden Schneider","abdiel78@yahoo.com","2015-07-30 08:33:42","2015-07-30 08:33:42"
"120","Vicenta Crist","anais.jacobson@yahoo.com","2015-07-30 08:33:42","2015-07-30 08:33:42"
"119","Prof. Rico Tillman Jr.","luettgen.reinhold@hodkiewicz.com","2015-07-30 08:33:42","2015-07-30 08:33:42"
"118","Sadie Hyatt","mrosenbaum@hotmail.com","2015-07-30 08:33:42","2015-07-30 08:33:42"
"117","Mr. Ethel Rosenbaum","amparo40@nolan.com","2015-07-30 08:33:42","2015-07-30 08:33:42"
"116","Rolando Ernser","hayes.eudora@hotmail.com","2015-07-30 08:33:42","2015-07-30 08:33:42"
"115","Hunter Kessler","apredovic@hahn.com","2015-07-30 08:33:42","2015-07-30 08:33:42"
"114","Prof. Elyssa Casper PhD","christophe35@yahoo.com","2015-07-30 08:33:42","2015-07-30 08:33:42"
"113","Prof. Susana Williamson II","breana.hickle@hotmail.com","2015-07-30 08:33:42","2015-07-30 08:33:42"
"112","Christelle Koepp","pietro13@gmail.com","2015-07-30 08:33:42","2015-07-30 08:33:42"
"111","Julian Greenholt","allie26@daniel.com","2015-07-30 08:33:41","2015-07-30 08:33:41"
"110","Pattie Volkman","stella32@cartwright.com","2015-07-30 08:33:41","2015-07-30 08:33:41"
"109","Prof. Kamryn Murphy PhD","lynch.mckenzie@mayer.net","2015-07-30 08:33:41","2015-07-30 08:33:41"
"108","Ms. Elinore Wilderman II","bernhard.clifton@dickinson.com","2015-07-30 08:33:41","2015-07-30 08:33:41"
"107","Alfonso DuBuque DVM","elody.raynor@wuckert.info","2015-07-30 08:33:41","2015-07-30 08:33:41"
"106","Kyler Schuster","flangosh@conn.com","2015-07-30 08:33:41","2015-07-30 08:33:41"
"105","Kirstin Koelpin Sr.","christiana.botsford@franecki.net","2015-07-30 08:33:41","2015-07-30 08:33:41"
"104","Mrs. Verlie Cassin","gregorio.schinner@gmail.com","2015-07-30 08:33:41","2015-07-30 08:33:41"
"103","Kian Schmeler","melyssa.cartwright@hotmail.com","2015-07-30 08:33:41","2015-07-30 08:33:41"
"102","Miss Dianna Olson DVM","demarco.boehm@yahoo.com","2015-07-30 08:33:41","2015-07-30 08:33:41"
"101","Rita Murphy","oconn@monahan.info","2015-07-30 08:33:41","2015-07-30 08:33:41"
"100","Wilfred Schuppe","elabadie@ernser.com","2015-07-30 08:33:41","2015-07-30 08:33:41"
"99","Dr. Marlee Pouros","kozey.marianne@hotmail.com","2015-07-30 08:33:40","2015-07-30 08:33:40"
"98","Kory Brakus Sr.","runolfsson.kali@baumbach.com","2015-07-30 08:33:40","2015-07-30 08:33:40"
"97","Dr. Allen Mertz","adrien38@gmail.com","2015-07-30 08:33:40","2015-07-30 08:33:40"
"96","Miss Summer Sawayn Sr.","marvin.houston@hotmail.com","2015-07-30 08:33:40","2015-07-30 08:33:40"
"95","Mrs. Leanne Murazik I","earlene20@hodkiewicz.com","2015-07-30 08:33:40","2015-07-30 08:33:40"
"94","Greg Kilback","dietrich.newton@yahoo.com","2015-07-30 08:33:40","2015-07-30 08:33:40"
"93","Dr. Jamison Stracke","tevin96@yahoo.com","2015-07-30 08:33:40","2015-07-30 08:33:40"
"92","Miss Susan Flatley","jhuels@hotmail.com","2015-07-30 08:33:40","2015-07-30 08:33:40"
"91","Emile Feest","wunsch.elisha@kling.com","2015-07-30 08:33:40","2015-07-30 08:33:40"
"90","Angelica Watsica","dayana96@wehner.org","2015-07-30 08:33:40","2015-07-30 08:33:40"
"89","Dovie Nienow II","rashad10@hotmail.com","2015-07-30 08:33:40","2015-07-30 08:33:40"
"88","Dr. Vaughn Glover","hickle.shanna@hegmann.com","2015-07-30 08:33:40","2015-07-30 08:33:40"
"87","Prof. Dora Hahn II","senger.marcel@yahoo.com","2015-07-30 08:33:39","2015-07-30 08:33:39"
"86","Juana Willms I","hillard.littel@yahoo.com","2015-07-30 08:33:39","2015-07-30 08:33:39"
"85","Angel Batz","zemlak.moises@gmail.com","2015-07-30 08:33:39","2015-07-30 08:33:39"
"84","Major Farrell","sandra61@hotmail.com","2015-07-30 08:33:39","2015-07-30 08:33:39"
"83","Elda Von","gleichner.hailey@carter.com","2015-07-30 08:33:39","2015-07-30 08:33:39"
"82","Mack VonRueden","sigurd60@russel.com","2015-07-30 08:33:39","2015-07-30 08:33:39"
"81","Gina Donnelly","lavina12@hotmail.com","2015-07-30 08:33:39","2015-07-30 08:33:39"
"80","Reagan Prohaska III","schimmel.jake@greenholt.org","2015-07-30 08:33:39","2015-07-30 08:33:39"
"79","Prof. Benedict Bayer","letitia.doyle@murazik.biz","2015-07-30 08:33:39","2015-07-30 08:33:39"
"78","Destany Schiller I","archibald.stamm@hotmail.com","2015-07-30 08:33:39","2015-07-30 08:33:39"
"77","Cordelia Wilderman","elinore21@gmail.com","2015-07-30 08:33:39","2015-07-30 08:33:39"
"76","Sharon Ledner","providenci90@weber.org","2015-07-30 08:33:39","2015-07-30 08:33:39"
"75","Deja Reynolds","myriam74@gmail.com","2015-07-30 08:33:38","2015-07-30 08:33:38"
"74","Adrien Lindgren","elton15@mohr.info","2015-07-30 08:33:38","2015-07-30 08:33:38"
"73","Drake Hane","qlowe@schumm.com","2015-07-30 08:33:38","2015-07-30 08:33:38"
"72","Mrs. Kassandra Abernathy DVM","braeden40@gmail.com","2015-07-30 08:33:38","2015-07-30 08:33:38"
"71","Mr. Isom Ankunding II","bette.morissette@gmail.com","2015-07-30 08:33:38","2015-07-30 08:33:38"
"70","Nelson Cremin","block.beulah@kohler.org","2015-07-30 08:33:38","2015-07-30 08:33:38"
"69","Miss Vivian Ritchie","bkozey@anderson.net","2015-07-30 08:33:38","2015-07-30 08:33:38"
"68","Magnolia Roob","bechtelar.stephania@rice.com","2015-07-30 08:33:38","2015-07-30 08:33:38"
"67","Florence Leannon","major.howe@dooley.com","2015-07-30 08:33:38","2015-07-30 08:33:38"
"66","Larissa Smith","kling.antonina@hotmail.com","2015-07-30 08:33:38","2015-07-30 08:33:38"
"65","Anna Becker","barton.danika@dare.biz","2015-07-30 08:33:38","2015-07-30 08:33:38"
"64","Warren Cronin","bauch.darrin@yahoo.com","2015-07-30 08:33:38","2015-07-30 08:33:38"
"63","Eda Auer","mara77@langosh.biz","2015-07-30 08:33:37","2015-07-30 08:33:37"
"62","Shaylee Block","dorthy.thompson@carroll.com","2015-07-30 08:33:37","2015-07-30 08:33:37"
"61","Dr. Zaria Klocko III","okeefe.lourdes@hotmail.com","2015-07-30 08:33:37","2015-07-30 08:33:37"
"60","Ms. Yvette Reichel DDS","cora96@beahan.com","2015-07-30 08:33:37","2015-07-30 08:33:37"
"59","Bianka Crona","ltrantow@hodkiewicz.com","2015-07-30 08:33:37","2015-07-30 08:33:37"
"58","Mrs. Meta Ullrich","amelia93@kohler.com","2015-07-30 08:33:37","2015-07-30 08:33:37"
"57","Alverta Donnelly","matt65@maggio.com","2015-07-30 08:33:37","2015-07-30 08:33:37"
"56","Golda Tremblay","jennifer14@hotmail.com","2015-07-30 08:33:37","2015-07-30 08:33:37"
"55","Mrs. Rita Schowalter Jr.","murray.mcglynn@adams.org","2015-07-30 08:33:37","2015-07-30 08:33:37"
"54","Dr. Ewald Friesen PhD","xgreenfelder@gmail.com","2015-07-30 08:33:37","2015-07-30 08:33:37"
"53","Prof. Emmalee Ferry","pablo42@kirlin.com","2015-07-30 08:33:37","2015-07-30 08:33:37"
"52","Mr. Ralph Corkery V","cordelia20@powlowski.com","2015-07-30 08:33:37","2015-07-30 08:33:37"
"51","Rossie Schumm","dickens.jonatan@hotmail.com","2015-07-30 08:33:36","2015-07-30 08:33:36"
"50","Velva Kunze","jerald.considine@gmail.com","2015-07-30 08:33:36","2015-07-30 08:33:36"
"49","Iliana Schinner","maybelle.collier@lesch.com","2015-07-30 08:33:36","2015-07-30 08:33:36"
"48","Kaylah Hilll Sr.","rippin.mafalda@rohan.com","2015-07-30 08:33:36","2015-07-30 08:33:36"
"47","Tamara Cremin","keagan23@becker.com","2015-07-30 08:33:36","2015-07-30 08:33:36"
"46","Miss Orpha Brown Jr.","matilde.kemmer@stokes.com","2015-07-30 08:33:36","2015-07-30 08:33:36"
"45","Monique Mann","roma.muller@gmail.com","2015-07-30 08:33:36","2015-07-30 08:33:36"
"44","Dr. Yessenia Schmitt V","vivienne96@skiles.com","2015-07-30 08:33:36","2015-07-30 08:33:36"
"43","Ali Lang","haag.muriel@yahoo.com","2015-07-30 08:33:36","2015-07-30 08:33:36"
"42","Reuben Grady DDS","glover.eduardo@king.com","2015-07-30 08:33:36","2015-07-30 08:33:36"
"41","Peter Beatty","hmills@gmail.com","2015-07-30 08:33:36","2015-07-30 08:33:36"
"40","Maia Gerhold","hills.maggie@gmail.com","2015-07-30 08:33:35","2015-07-30 08:33:35"
"39","Alexie Kertzmann","ullrich.lewis@emard.com","2015-07-30 08:33:35","2015-07-30 08:33:35"
"38","Mr. Kaleigh Powlowski DDS","hahn.bertrand@hotmail.com","2015-07-30 08:33:35","2015-07-30 08:33:35"
"37","Orlando Strosin","juana14@gmail.com","2015-07-30 08:33:35","2015-07-30 08:33:35"
"36","Courtney Brown","kailey.koelpin@yahoo.com","2015-07-30 08:33:35","2015-07-30 08:33:35"
"35","Liza Haag","alda.streich@mosciski.info","2015-07-30 08:33:35","2015-07-30 08:33:35"
"34","Mrs. Micaela Batz MD","otha70@yahoo.com","2015-07-30 08:33:35","2015-07-30 08:33:35"
"33","Alena Ward","roslyn65@hotmail.com","2015-07-30 08:33:35","2015-07-30 08:33:35"
"32","Foster Langosh","matteo.howell@mante.net","2015-07-30 08:33:35","2015-07-30 08:33:35"
"31","Derick Considine","adam50@collier.com","2015-07-30 08:33:35","2015-07-30 08:33:35"
"30","Nina Fritsch","michale.pagac@hartmann.org","2015-07-30 08:33:35","2015-07-30 08:33:35"
"29","Loyal Harvey MD","riley.rath@yahoo.com","2015-07-30 08:33:35","2015-07-30 08:33:35"
"28","Betsy Ziemann","jbuckridge@gmail.com","2015-07-30 08:33:34","2015-07-30 08:33:34"
"27","Mina Bechtelar Jr.","mcglynn.duane@corkery.com","2015-07-30 08:33:34","2015-07-30 08:33:34"
"26","Brent Hoeger MD","wilbert.gutmann@kuhlman.com","2015-07-30 08:33:34","2015-07-30 08:33:34"
"25","Mrs. Alanis Zulauf DDS","moen.clovis@yahoo.com","2015-07-30 08:33:34","2015-07-30 08:33:34"
"24","Sigurd O'Hara","madelyn91@yahoo.com","2015-07-30 08:33:34","2015-07-30 08:33:34"
"23","Drew DuBuque","antone.hansen@gmail.com","2015-07-30 08:33:34","2015-07-30 08:33:34"
"22","Royal Cruickshank","ubaldo.bode@waters.org","2015-07-30 08:33:34","2015-07-30 08:33:34"
"21","Margie Wyman III","sean84@gulgowski.info","2015-07-30 08:33:34","2015-07-30 08:33:34"
"20","Jeremy Paucek","zzieme@yahoo.com","2015-07-30 08:33:34","2015-07-30 08:33:34"
"19","Raegan Effertz","britney.koch@hintz.com","2015-07-30 08:33:34","2015-07-30 08:33:34"
"18","Robbie Green","ctrantow@yahoo.com","2015-07-30 08:33:34","2015-07-30 08:33:34"
"17","Dr. Art Brekke PhD","abraham24@turner.info","2015-07-30 08:33:34","2015-07-30 08:33:34"
"16","Lawrence Koss","harmony25@rempel.org","2015-07-30 08:33:33","2015-07-30 08:33:33"
"15","Carmel Herzog","crooks.emerald@hotmail.com","2015-07-30 08:33:33","2015-07-30 08:33:33"
"14","Mr. Kaden Schultz IV","rkeeling@shields.biz","2015-07-30 08:33:33","2015-07-30 08:33:33"
"13","Ms. Judy Spinka Jr.","lubowitz.elaina@gmail.com","2015-07-30 08:33:33","2015-07-30 08:33:33"
"12","Lon Wiegand","dessie.fadel@feest.com","2015-07-30 08:33:33","2015-07-30 08:33:33"
"11","Ms. Estel Okuneva","lemke.brice@gmail.com","2015-07-30 08:33:33","2015-07-30 08:33:33"
"10","Roel Swift Sr.","ckautzer@yahoo.com","2015-07-30 08:33:33","2015-07-30 08:33:33"
"9","Dr. Leonel Rempel IV","dlarkin@rippin.com","2015-07-30 08:33:33","2015-07-30 08:33:33"
"8","Mr. Madyson Schimmel PhD","victor.little@gmail.com","2015-07-30 08:33:33","2015-07-30 08:33:33"
"7","Dr. Garett Reichel","nhalvorson@walker.com","2015-07-30 08:33:33","2015-07-30 08:33:33"
"6","Paris Gleason","america.hammes@yahoo.com","2015-07-30 08:33:33","2015-07-30 08:33:33"
"5","Robbie Grant","corkery.marion@goodwin.com","2015-07-30 08:33:33","2015-07-30 08:33:33"
"4","Prof. German Russel DDS","smckenzie@gmail.com","2015-07-30 08:33:32","2015-07-30 08:33:32"
"3","Frank Waters MD","holden39@hotmail.com","2015-07-30 08:33:32","2015-07-30 08:33:32"
"2","Estrella Deckow","wstreich@pollich.net","2015-07-30 08:33:32","2015-07-30 08:33:32"
"1","Mateo Beatty V","gleichner.dorian@rolfson.com","2015-07-30 08:33:32","2015-07-30 08:33:32"
